"username","email"
"forsythetony","arfv2b@mail.missouri.edu"
"google","google@google.com"
"microsoft","hr@microsoft.com"
"linkedin","hr@linkedin.com"
"dell","hr@dell.com"
"apple","hr@apple.com"
"hp","hr@hp.com"
"intel","hr@intel.com"
"adobe","hr@adobe.com"
"facebook","hr@facebook.com"
"cocacola","hr@cocacola.com"
"twitter","hr@twitter"
"ibm","hr@ibm.com"
"starbucks","hr@starbucks.com"
"jamess5460","jamess5460@outlook.com"
"john.johnson25","john.johnson25@mail.missouri.edu"
"raw2213","raw2213@outlook.com"
"michaelb2671","michaelb2671@hotmail.com"
"williamj9334","williamj9334@mail.missouri.edu"
"davidm3749","davidm3749@mail.missouri.edu"
"rbd738","rbd738@outlook.com"
"jbg6028","jbg6028@hotmail.com"
"charlesr5648","charlesr5648@mail.missouri.edu"
"tbw9422","tbw9422@mail.missouri.edu"
"christopherm6307","christopherm6307@hotmail.com"
"daniela3663","daniela3663@outlook.com"
"mbt7231","mbt7231@outlook.com"
"donaldt5676","donaldt5676@mail.missouri.edu"
"anthonyh5752","anthonyh5752@mail.missouri.edu"
"mcm1561","mcm1561@mail.missouri.edu"
"paulm367","paulm367@mail.missouri.edu"
"stevenj4409","stevenj4409@outlook.com"
"gct89","gct89@outlook.com"
"kennethw2365","kennethw2365@outlook.com"
"andrewl7662","andrewl7662@hotmail.com"
"ecl1861","ecl1861@mail.missouri.edu"
"jcg5900","jcg5900@outlook.com"
"bdh3794","bdh3794@gmail.com"
"kevin.clark60","kevin.clark60@gmail.com"
"ronald.lewis95","ronald.lewis95@hotmail.com"
"timothy.robinson11","timothy.robinson11@gmail.com"
"jdw3546","jdw3546@gmail.com"
"jeffrey.perez99","jeffrey.perez99@gmail.com"
"rdh5845","rdh5845@gmail.com"
"gary.young84","gary.young84@mail.missouri.edu"
"nicholas.allen16","nicholas.allen16@outlook.com"
"eric.sanchez52","eric.sanchez52@outlook.com"
"jacobw9294","jacobw9294@hotmail.com"
"sek9357","sek9357@outlook.com"
"jonathan.scott17","jonathan.scott17@gmail.com"
"larry.green39","larry.green39@gmail.com"
"fgb3652","fgb3652@gmail.com"
"scotta4157","scotta4157@hotmail.com"
"justin.nelson9","justin.nelson9@outlook.com"
"bhh9645","bhh9645@hotmail.com"
"raymondr285","raymondr285@outlook.com"
"gregory.campbell1","gregory.campbell1@mail.missouri.edu"
"samuelm1013","samuelm1013@mail.missouri.edu"
"benjaminr1791","benjaminr1791@hotmail.com"
"pjc9356","pjc9356@outlook.com"
"jack.phillips95","jack.phillips95@gmail.com"
"dennise969","dennise969@gmail.com"
"alexander.turner28","alexander.turner28@hotmail.com"
"jerry.torres77","jerry.torres77@hotmail.com"
"tylerp7373","tylerp7373@outlook.com"
"henry.collins31","henry.collins31@gmail.com"
"dle7957","dle7957@hotmail.com"
"als299","als299@hotmail.com"
"plf4804","plf4804@outlook.com"
"jlm4116","jlm4116@mail.missouri.edu"
"waltern4020","waltern4020@outlook.com"
"amm3927","amm3927@outlook.com"
"zmr61","zmr61@gmail.com"
"nathan.cook70","nathan.cook70@hotmail.com"
"haroldr7577","haroldr7577@hotmail.com"
"kyle.morgan46","kyle.morgan46@hotmail.com"
"cnp5015","cnp5015@gmail.com"
"arthurc9906","arthurc9906@hotmail.com"
"gpr5922","gpr5922@outlook.com"
"roger.bailey22","roger.bailey22@outlook.com"
"kpb1937","kpb1937@hotmail.com"
"lawrence.gomez47","lawrence.gomez47@gmail.com"
"jeremy.kelly84","jeremy.kelly84@mail.missouri.edu"
"terry.howard59","terry.howard59@outlook.com"
"albert.ward41","albert.ward41@hotmail.com"
"joec2959","joec2959@mail.missouri.edu"
"seand9160","seand9160@gmail.com"
"willie.richardson92","willie.richardson92@mail.missouri.edu"
"christian.wood23","christian.wood23@gmail.com"
"jrw9698","jrw9698@outlook.com"
"austin.brooks10","austin.brooks10@gmail.com"
"bsb3267","bsb3267@hotmail.com"
"bsg748","bsg748@outlook.com"
"ralphj8114","ralphj8114@mail.missouri.edu"
"bryan.reyes29","bryan.reyes29@mail.missouri.edu"
"ethan.cruz94","ethan.cruz94@mail.missouri.edu"
"royh4469","royh4469@gmail.com"
"eugene.price76","eugene.price76@outlook.com"
"jordan.myers64","jordan.myers64@gmail.com"
"louisl6385","louisl6385@gmail.com"
"wayne.foster52","wayne.foster52@hotmail.com"
"alan.sanders87","alan.sanders87@gmail.com"
"harry.ross97","harry.ross97@outlook.com"
"russellm9369","russellm9369@outlook.com"
"juan.powell29","juan.powell29@gmail.com"
"dylans1501","dylans1501@gmail.com"
"randyr2046","randyr2046@mail.missouri.edu"
"philipo7854","philipo7854@gmail.com"
"vwj6847","vwj6847@mail.missouri.edu"
"noah.gutierrez56","noah.gutierrez56@hotmail.com"
"bobbyp8687","bobbyp8687@gmail.com"
"howardb7303","howardb7303@gmail.com"
"gabriel.barnes14","gabriel.barnes14@mail.missouri.edu"
"johnnyf5643","johnnyf5643@outlook.com"
"mbh46","mbh46@gmail.com"
"patriciac8983","patriciac8983@gmail.com"
"jcs112","jcs112@mail.missouri.edu"
"edp9516","edp9516@gmail.com"
"lej9996","lej9996@gmail.com"
"ber3948","ber3948@hotmail.com"
"susan.hamilton87","susan.hamilton87@mail.missouri.edu"
"margaretg5817","margaretg5817@mail.missouri.edu"
"jessicak2515","jessicak2515@hotmail.com"
"sgg5735","sgg5735@mail.missouri.edu"
"dorothy.alexander14","dorothy.alexander14@gmail.com"
"karen.ramos71","karen.ramos71@gmail.com"
"nancy.wallace89","nancy.wallace89@hotmail.com"
"bjg3783","bjg3783@hotmail.com"
"ljw8408","ljw8408@outlook.com"
"sandra.cole36","sandra.cole36@mail.missouri.edu"
"ashleyh4319","ashleyh4319@hotmail.com"
"kkc5314","kkc5314@gmail.com"
"donnag9044","donnag9044@gmail.com"
"helenb8501","helenb8501@outlook.com"
"carol.ellis90","carol.ellis90@outlook.com"
"michelle.stevens77","michelle.stevens77@hotmail.com"
"emily.murray43","emily.murray43@mail.missouri.edu"
"amanda.ford96","amanda.ford96@gmail.com"
"melissa.marshall30","melissa.marshall30@outlook.com"
"dso5955","dso5955@hotmail.com"
"lsm7949","lsm7949@mail.missouri.edu"
"stephanie.harrison54","stephanie.harrison54@outlook.com"
"rebecca.ruiz78","rebecca.ruiz78@mail.missouri.edu"
"sharonk1151","sharonk1151@outlook.com"
"cynthiaw3625","cynthiaw3625@outlook.com"
"kaa7187","kaa7187@outlook.com"
"aaw9805","aaw9805@outlook.com"
"shirleym5026","shirleym5026@hotmail.com"
"ruth.castillo6","ruth.castillo6@outlook.com"
"amyo6577","amyo6577@mail.missouri.edu"
"angela.webb74","angela.webb74@outlook.com"
"brendaw4112","brendaw4112@hotmail.com"
"virginia.tucker43","virginia.tucker43@hotmail.com"
"pamela.freeman61","pamela.freeman61@mail.missouri.edu"
"ccb8162","ccb8162@hotmail.com"
"katherine.henry31","katherine.henry31@outlook.com"
"nicole.vasquez38","nicole.vasquez38@gmail.com"
"christine.snyder95","christine.snyder95@gmail.com"
"samanthas9839","samanthas9839@hotmail.com"
"jgc1717","jgc1717@hotmail.com"
"debra.jimenez30","debra.jimenez30@mail.missouri.edu"
"cip2614","cip2614@mail.missouri.edu"
"rachelm7555","rachelm7555@mail.missouri.edu"
"heather.shaw39","heather.shaw39@hotmail.com"
"maria.gordon96","maria.gordon96@outlook.com"
"dianew8282","dianew8282@outlook.com"
"julie.hunter53","julie.hunter53@hotmail.com"
"jlr6950","jlr6950@hotmail.com"
"emma.hicks60","emma.hicks60@gmail.com"
"fmd2799","fmd2799@gmail.com"
"evelynh4456","evelynh4456@outlook.com"
"joanp3162","joanp3162@hotmail.com"
"martha.robertson8","martha.robertson8@gmail.com"
"christina.black11","christina.black11@outlook.com"
"kelly.holmes63","kelly.holmes63@outlook.com"
"lrs9244","lrs9244@hotmail.com"
"vsm4191","vsm4191@hotmail.com"
"jsb7165","jsb7165@mail.missouri.edu"
"asm3505","asm3505@hotmail.com"
"annw1365","annw1365@mail.missouri.edu"
"csf7114","csf7114@outlook.com"
"jean.rose37","jean.rose37@gmail.com"
"doris.rice24","doris.rice24@mail.missouri.edu"
"megan.moreno54","megan.moreno54@outlook.com"
"maries8686","maries8686@outlook.com"
"aap277","aap277@mail.missouri.edu"
"kdf5114","kdf5114@gmail.com"
"jacquelinen7274","jacquelinen7274@hotmail.com"
"geh7217","geh7217@gmail.com"
"teresam5465","teresam5465@mail.missouri.edu"
"sarar2868","sarar2868@gmail.com"
"janicef1408","janicef1408@hotmail.com"
"hannahw4419","hannahw4419@hotmail.com"
"jld8841","jld8841@outlook.com"
"rose.stephens81","rose.stephens81@gmail.com"
"theresa.gardner37","theresa.gardner37@gmail.com"
"grace.payne67","grace.payne67@outlook.com"
"jmk1808","jmk1808@gmail.com"
"beverlyd7173","beverlyd7173@mail.missouri.edu"
"onp7417","onp7417@hotmail.com"
"denisea2682","denisea2682@gmail.com"
"marilyn.tran56","marilyn.tran56@hotmail.com"
"aps7920","aps7920@gmail.com"
"daniellep6823","daniellep6823@hotmail.com"
"brh3091","brh3091@mail.missouri.edu"
"diana.grant17","diana.grant17@outlook.com"
"mrh4831","mrh4831@mail.missouri.edu"
"jsc8235","jsc8235@mail.missouri.edu"
"madisonh5042","madisonh5042@outlook.com"
"lorih8398","lorih8398@outlook.com"
"tve5522","tve5522@mail.missouri.edu"
"kathyc5474","kathyc5474@mail.missouri.edu"
"tammyk2738","tammyk2738@hotmail.com"
"kayla.bradley11","kayla.bradley11@mail.missouri.edu"
"erwinr8544","erwinr8544@gmail.com"
"cmm2729","cmm2729@gmail.com"
"calebr1919","calebr1919@gmail.com"
"armando.howard68","armando.howard68@mail.missouri.edu"
"denvera8073","denvera8073@hotmail.com"
"kaseyh5253","kaseyh5253@gmail.com"
"anton.murphy35","anton.murphy35@hotmail.com"
"jjb825","jjb825@gmail.com"
"grant.yates48","grant.yates48@mail.missouri.edu"
"mma3095","mma3095@outlook.com"
"mlc3745","mlc3745@outlook.com"
"earle.warner74","earle.warner74@gmail.com"
"ljb7470","ljb7470@mail.missouri.edu"
"alberto.thompson90","alberto.thompson90@mail.missouri.edu"
"rodrigod4046","rodrigod4046@gmail.com"
"gbp9803","gbp9803@mail.missouri.edu"
"philr8291","philr8291@mail.missouri.edu"
"bgd2679","bgd2679@gmail.com"
"llb3154","llb3154@hotmail.com"
"quinton.pollard17","quinton.pollard17@hotmail.com"
"jerrold.callahan22","jerrold.callahan22@mail.missouri.edu"
"clayj491","clayj491@mail.missouri.edu"
"maynard.everett67","maynard.everett67@hotmail.com"
"darryll37","darryll37@outlook.com"
"lgm3270","lgm3270@hotmail.com"
"egg8918","egg8918@gmail.com"
"denis.guerrero51","denis.guerrero51@outlook.com"
"ajk925","ajk925@outlook.com"
"connie.greene46","connie.greene46@gmail.com"
"marcelo.arias36","marcelo.arias36@mail.missouri.edu"
"adalbertod9631","adalbertod9631@gmail.com"
"jermaine.garrison65","jermaine.garrison65@outlook.com"
"keneth.barron86","keneth.barron86@mail.missouri.edu"
"louis.ellison95","louis.ellison95@gmail.com"
"dee.pena37","dee.pena37@hotmail.com"
"mbg3040","mbg3040@mail.missouri.edu"
"reed.hatfield8","reed.hatfield8@outlook.com"
"ecb5626","ecb5626@hotmail.com"
"kieth.mcclain72","kieth.mcclain72@mail.missouri.edu"
"kennys8685","kennys8685@mail.missouri.edu"
"dwayneg2725","dwayneg2725@hotmail.com"
"chet.grant87","chet.grant87@outlook.com"
"horaceu5141","horaceu5141@gmail.com"
"frank.tate34","frank.tate34@gmail.com"
"iod3339","iod3339@outlook.com"
"alfonso.robinson31","alfonso.robinson31@mail.missouri.edu"
"antione.morris69","antione.morris69@mail.missouri.edu"
"daren.reid11","daren.reid11@hotmail.com"
"orvillec7504","orvillec7504@outlook.com"
"fag5805","fag5805@mail.missouri.edu"
"freemanh3505","freemanh3505@hotmail.com"
"bobby.chavez69","bobby.chavez69@outlook.com"
"eee4518","eee4518@gmail.com"
"cog1854","cog1854@mail.missouri.edu"
"jeanp7480","jeanp7480@hotmail.com"
"mkp877","mkp877@hotmail.com"
"grover.solis85","grover.solis85@hotmail.com"
"jack.massey32","jack.massey32@mail.missouri.edu"
"acf8104","acf8104@hotmail.com"
"ojm5919","ojm5919@outlook.com"
"roberto.forbes12","roberto.forbes12@mail.missouri.edu"
"mia2180","mia2180@hotmail.com"
"bor8421","bor8421@outlook.com"
"everette.potter90","everette.potter90@outlook.com"
"rigoberto.mcknight76","rigoberto.mcknight76@mail.missouri.edu"
"edr1443","edr1443@hotmail.com"
"ees8709","ees8709@hotmail.com"
"reginaldh7824","reginaldh7824@outlook.com"
"edy5607","edy5607@gmail.com"
"jeramyg6324","jeramyg6324@mail.missouri.edu"
"ambrose.campbell64","ambrose.campbell64@outlook.com"
"jordanb8342","jordanb8342@hotmail.com"
"pck1830","pck1830@gmail.com"
"gustavol6696","gustavol6696@gmail.com"
"mpb2879","mpb2879@outlook.com"
"mervinh9695","mervinh9695@hotmail.com"
"bill.kim95","bill.kim95@mail.missouri.edu"
"jkk4750","jkk4750@outlook.com"
"mosesf5652","mosesf5652@mail.missouri.edu"
"edwinr1179","edwinr1179@mail.missouri.edu"
"angelita.fowler66","angelita.fowler66@mail.missouri.edu"
"roseo1728","roseo1728@hotmail.com"
"willaf4604","willaf4604@outlook.com"
"cwf1628","cwf1628@hotmail.com"
"leonor.williams89","leonor.williams89@mail.missouri.edu"
"eloise.bates51","eloise.bates51@mail.missouri.edu"
"aap2904","aap2904@gmail.com"
"ftm3387","ftm3387@mail.missouri.edu"
"denal3754","denal3754@gmail.com"
"debora.zhang97","debora.zhang97@hotmail.com"
"olr5209","olr5209@outlook.com"
"gaylec9967","gaylec9967@hotmail.com"
"mpb3659","mpb3659@mail.missouri.edu"
"ltm2544","ltm2544@mail.missouri.edu"
"ssg7632","ssg7632@mail.missouri.edu"
"karyn.foley27","karyn.foley27@mail.missouri.edu"
"janelle.johnson77","janelle.johnson77@outlook.com"
"candym9129","candym9129@mail.missouri.edu"
"katherine.pitts1","katherine.pitts1@outlook.com"
"deloris.waters62","deloris.waters62@hotmail.com"
"sonya.russell44","sonya.russell44@hotmail.com"
"olivias2608","olivias2608@hotmail.com"
"bnf4041","bnf4041@gmail.com"
"mar5313","mar5313@gmail.com"
"plc4324","plc4324@outlook.com"
"dorthyc2475","dorthyc2475@mail.missouri.edu"
"allisonp7268","allisonp7268@hotmail.com"
"josefina.bruce86","josefina.bruce86@mail.missouri.edu"
"jmj2765","jmj2765@hotmail.com"
"trl9013","trl9013@mail.missouri.edu"
"ameliar1114","ameliar1114@outlook.com"
"lillian.mason7","lillian.mason7@gmail.com"
"monas1937","monas1937@mail.missouri.edu"
"marina.bush26","marina.bush26@gmail.com"
"spb6522","spb6522@outlook.com"
"imeldap8009","imeldap8009@hotmail.com"
"cara.duarte74","cara.duarte74@outlook.com"
"fym2980","fym2980@outlook.com"
"deirdre.warner9","deirdre.warner9@mail.missouri.edu"
"alyce.snyder54","alyce.snyder54@hotmail.com"
"jkh2770","jkh2770@gmail.com"
"janell.olsen42","janell.olsen42@gmail.com"
"valerie.dawson99","valerie.dawson99@mail.missouri.edu"
"dorotheac8325","dorotheac8325@hotmail.com"
"ajr2969","ajr2969@outlook.com"
"pam.yoder19","pam.yoder19@outlook.com"
"savannaha6933","savannaha6933@outlook.com"
"clm9707","clm9707@gmail.com"
"allieg9798","allieg9798@gmail.com"
"jom9623","jom9623@hotmail.com"
"ajh6855","ajh6855@mail.missouri.edu"
"akl8754","akl8754@gmail.com"
"earlene.gutierrez2","earlene.gutierrez2@gmail.com"
"rosemaryl7602","rosemaryl7602@outlook.com"
"lucillew8711","lucillew8711@outlook.com"
"lela.stephenson49","lela.stephenson49@outlook.com"
"sherri.rivera33","sherri.rivera33@outlook.com"
"angelique.warren18","angelique.warren18@outlook.com"
"lynnetter1831","lynnetter1831@outlook.com"
"lfm4399","lfm4399@outlook.com"
"mdo1025","mdo1025@hotmail.com"
"marta.pena95","marta.pena95@gmail.com"
"scl7661","scl7661@mail.missouri.edu"
"mgk7155","mgk7155@gmail.com"
"monica.zuniga49","monica.zuniga49@mail.missouri.edu"
"johnniep6543","johnniep6543@outlook.com"
"reynac9619","reynac9619@outlook.com"
"amie.case56","amie.case56@hotmail.com"
"cco48","cco48@gmail.com"
"velma.mccullough46","velma.mccullough46@mail.missouri.edu"
"suzettet6271","suzettet6271@outlook.com"
"luella.gross27","luella.gross27@outlook.com"
"essie.mckay11","essie.mckay11@mail.missouri.edu"
"katharines4941","katharines4941@mail.missouri.edu"
"dar2834","dar2834@gmail.com"
"amp8352","amp8352@mail.missouri.edu"
"fayeg1875","fayeg1875@mail.missouri.edu"
"donna.rivas71","donna.rivas71@hotmail.com"
"jeanniney1566","jeanniney1566@outlook.com"
"csb5157","csb5157@gmail.com"
"jrm6528","jrm6528@hotmail.com"
"marthaf1170","marthaf1170@mail.missouri.edu"
"dellab3086","dellab3086@outlook.com"
"beatrice.harrison19","beatrice.harrison19@mail.missouri.edu"
"karina.hoover5","karina.hoover5@outlook.com"
"elisabeth.pearson46","elisabeth.pearson46@mail.missouri.edu"
"adelap8123","adelap8123@mail.missouri.edu"
"edwina.mcconnell46","edwina.mcconnell46@outlook.com"
"moniquem5123","moniquem5123@outlook.com"
"gay.avery10","gay.avery10@outlook.com"
"jeanineh2550","jeanineh2550@gmail.com"
"luella.gross91","luella.gross91@outlook.com"
"rhonda.thornton58","rhonda.thornton58@hotmail.com"
"violat6392","violat6392@gmail.com"
"lisah7846","lisah7846@outlook.com"
"dar3193","dar3193@gmail.com"
"bwg5254","bwg5254@mail.missouri.edu"
"mtl3671","mtl3671@hotmail.com"
"rms4417","rms4417@gmail.com"
"jolene.melton25","jolene.melton25@hotmail.com"
"marissa.daniels79","marissa.daniels79@outlook.com"
"herminiaf8581","herminiaf8581@outlook.com"
"mcd6340","mcd6340@hotmail.com"
"pearl.miller31","pearl.miller31@outlook.com"
"cik194","cik194@hotmail.com"
"ape4910","ape4910@mail.missouri.edu"
"ens3256","ens3256@gmail.com"
"beverley.odom61","beverley.odom61@mail.missouri.edu"
"georgette.blackwell96","georgette.blackwell96@outlook.com"
"natasham4590","natasham4590@mail.missouri.edu"
"clarer8160","clarer8160@gmail.com"
"pce6782","pce6782@hotmail.com"
"misty.wiley65","misty.wiley65@mail.missouri.edu"
"gsa137","gsa137@hotmail.com"
"casey.raymond89","casey.raymond89@hotmail.com"
"leticia.rosales91","leticia.rosales91@outlook.com"
"annap1524","annap1524@outlook.com"
"tessap1794","tessap1794@hotmail.com"
"ask5764","ask5764@mail.missouri.edu"
"franciss9007","franciss9007@hotmail.com"
"act1452","act1452@gmail.com"
"fcj4363","fcj4363@hotmail.com"
"juliani2988","juliani2988@hotmail.com"
"houston.morrow64","houston.morrow64@outlook.com"
"buford.hunter91","buford.hunter91@hotmail.com"
"micaha928","micaha928@outlook.com"
"ehc7604","ehc7604@mail.missouri.edu"
"hassans2499","hassans2499@mail.missouri.edu"
"chi.hansen64","chi.hansen64@mail.missouri.edu"
"dbs7990","dbs7990@mail.missouri.edu"
"lucien.mccall25","lucien.mccall25@gmail.com"
"maxc2279","maxc2279@gmail.com"
"carrollp2032","carrollp2032@hotmail.com"
"kenneth.beasley52","kenneth.beasley52@outlook.com"
"adp6840","adp6840@outlook.com"
"bgc6645","bgc6645@mail.missouri.edu"
"leg7862","leg7862@outlook.com"
"neilh4357","neilh4357@mail.missouri.edu"
"cog7190","cog7190@outlook.com"
"lesterb5373","lesterb5373@hotmail.com"
"oib8945","oib8945@mail.missouri.edu"
"keithd9522","keithd9522@hotmail.com"
"cnr3073","cnr3073@outlook.com"
"fredt4469","fredt4469@outlook.com"
"forrest.duran24","forrest.duran24@gmail.com"
"bjk2782","bjk2782@hotmail.com"
"ellsworthr4918","ellsworthr4918@gmail.com"
"bmp3554","bmp3554@hotmail.com"
"elton.luna77","elton.luna77@hotmail.com"
"lam1221","lam1221@gmail.com"
"djh7324","djh7324@mail.missouri.edu"
"jmh439","jmh439@gmail.com"
"rlt2367","rlt2367@outlook.com"
"bryce.porter53","bryce.porter53@gmail.com"
"andyp9840","andyp9840@gmail.com"
"kenton.wu8","kenton.wu8@gmail.com"
"his2733","his2733@outlook.com"
"erichs5758","erichs5758@outlook.com"
"cordellg2293","cordellg2293@gmail.com"
"cody.garza25","cody.garza25@outlook.com"
"carlosm5206","carlosm5206@outlook.com"
"cornell.jacobs72","cornell.jacobs72@outlook.com"
"ben.jenkins57","ben.jenkins57@outlook.com"
"benny.henderson68","benny.henderson68@outlook.com"
"lacyv9717","lacyv9717@hotmail.com"
"clb1478","clb1478@hotmail.com"
"gastonp2093","gastonp2093@mail.missouri.edu"
"marquis.mcconnell18","marquis.mcconnell18@outlook.com"
"hassan.shepherd84","hassan.shepherd84@mail.missouri.edu"
"fletcher.juarez1","fletcher.juarez1@gmail.com"
"bab7614","bab7614@outlook.com"
"mariof9373","mariof9373@hotmail.com"
"augustusp2986","augustusp2986@outlook.com"
"hdh9075","hdh9075@outlook.com"
"adan.rodriguez20","adan.rodriguez20@gmail.com"
"moisesf9002","moisesf9002@outlook.com"
"asag7755","asag7755@gmail.com"
"drh8782","drh8782@mail.missouri.edu"
"dfc5696","dfc5696@outlook.com"
"dnb2763","dnb2763@mail.missouri.edu"
"neh6952","neh6952@gmail.com"
"burl.romero87","burl.romero87@hotmail.com"
"jjs1987","jjs1987@hotmail.com"
"fjc9109","fjc9109@outlook.com"
"jarviss9217","jarviss9217@hotmail.com"
"dino.rhodes45","dino.rhodes45@gmail.com"
"ajc5267","ajc5267@mail.missouri.edu"
"marcelinos3334","marcelinos3334@gmail.com"
"gjr427","gjr427@outlook.com"
"rab8878","rab8878@outlook.com"
"eldridger781","eldridger781@gmail.com"
"blh1175","blh1175@hotmail.com"
"faustinow4142","faustinow4142@mail.missouri.edu"
"ncr1935","ncr1935@gmail.com"
"devin.caldwell16","devin.caldwell16@hotmail.com"
"randal.mcgrath22","randal.mcgrath22@gmail.com"
"amado.ramirez77","amado.ramirez77@outlook.com"
"coyl6185","coyl6185@gmail.com"
"ebp8662","ebp8662@mail.missouri.edu"
"drh324","drh324@hotmail.com"
"gcl4772","gcl4772@gmail.com"
"ddb7691","ddb7691@hotmail.com"
"maxwell.shepard89","maxwell.shepard89@hotmail.com"
"jra1933","jra1933@hotmail.com"
"afd1936","afd1936@mail.missouri.edu"
"errol.garner28","errol.garner28@mail.missouri.edu"
"rafael.zavala11","rafael.zavala11@gmail.com"
"adolph.martinez27","adolph.martinez27@gmail.com"
"jbr5537","jbr5537@gmail.com"
"kennys1427","kennys1427@outlook.com"
"hfb6838","hfb6838@outlook.com"
"rileyg494","rileyg494@outlook.com"
"brettw9474","brettw9474@gmail.com"
"gavinl6736","gavinl6736@hotmail.com"
"blake.griffin63","blake.griffin63@hotmail.com"
"diegol5846","diegol5846@mail.missouri.edu"
"cig127","cig127@hotmail.com"
"long.hendricks34","long.hendricks34@gmail.com"
"leigh.whitehead89","leigh.whitehead89@hotmail.com"
"mbf5022","mbf5022@mail.missouri.edu"
"mma5169","mma5169@hotmail.com"
"klm8567","klm8567@gmail.com"
"agustint4036","agustint4036@gmail.com"
"jess.atkins13","jess.atkins13@outlook.com"
"lnm6269","lnm6269@outlook.com"
"erasmor4213","erasmor4213@mail.missouri.edu"
"damien.dean5","damien.dean5@hotmail.com"
"oam3630","oam3630@mail.missouri.edu"
"devon.santiago27","devon.santiago27@gmail.com"
"randolph.terrell15","randolph.terrell15@hotmail.com"
"kaseyh3857","kaseyh3857@outlook.com"
"cornellj4598","cornellj4598@hotmail.com"
"duaned2695","duaned2695@gmail.com"
"lazaro.mckee58","lazaro.mckee58@mail.missouri.edu"
"bradley.marshall76","bradley.marshall76@gmail.com"
"roc3493","roc3493@hotmail.com"
"conrad.burke48","conrad.burke48@gmail.com"
"ojm5108","ojm5108@hotmail.com"
"douglasss3762","douglasss3762@mail.missouri.edu"
"elijah.cortez72","elijah.cortez72@mail.missouri.edu"
"abel.brown53","abel.brown53@gmail.com"
"octaviob3473","octaviob3473@gmail.com"
"lacyv7373","lacyv7373@gmail.com"
"orville.cordova73","orville.cordova73@gmail.com"
"amosm2905","amosm2905@outlook.com"
"otha.mata59","otha.mata59@mail.missouri.edu"
"gdb4397","gdb4397@hotmail.com"
"faf8257","faf8257@outlook.com"
"frankiem1943","frankiem1943@mail.missouri.edu"
"davids5179","davids5179@mail.missouri.edu"
"jc.christian69","jc.christian69@gmail.com"
"meg1643","meg1643@mail.missouri.edu"
"lou.hull53","lou.hull53@hotmail.com"
"lavernb6849","lavernb6849@mail.missouri.edu"
"emg4075","emg4075@hotmail.com"
"leighw6972","leighw6972@outlook.com"
"lql8012","lql8012@hotmail.com"
"img255","img255@mail.missouri.edu"
"dustinw6612","dustinw6612@hotmail.com"
"lawrence.berger57","lawrence.berger57@gmail.com"
"hal8133","hal8133@mail.missouri.edu"
"hoyth7022","hoyth7022@mail.missouri.edu"
"colew3915","colew3915@mail.missouri.edu"
"pedroc8645","pedroc8645@outlook.com"
"dennyb7017","dennyb7017@hotmail.com"
"majorh9806","majorh9806@outlook.com"
"otha.mata2","otha.mata2@gmail.com"
"oeb6451","oeb6451@outlook.com"
"aron.richardson54","aron.richardson54@hotmail.com"
"lanem7247","lanem7247@gmail.com"
"mack.howe45","mack.howe45@mail.missouri.edu"
"bar8339","bar8339@mail.missouri.edu"
"allens3445","allens3445@mail.missouri.edu"
"julio.keith77","julio.keith77@outlook.com"
"hru1275","hru1275@gmail.com"
"lupel5470","lupel5470@hotmail.com"
"gregg.marsh42","gregg.marsh42@gmail.com"
"cnb7017","cnb7017@mail.missouri.edu"
"lester.buck73","lester.buck73@hotmail.com"
"antonio.rogers33","antonio.rogers33@outlook.com"
"ellsworth.ramsey73","ellsworth.ramsey73@mail.missouri.edu"
"harris.lamb61","harris.lamb61@gmail.com"
"edb4405","edb4405@outlook.com"
"brainh8771","brainh8771@mail.missouri.edu"
"reed.hatfield91","reed.hatfield91@hotmail.com"
"gayle.bowers60","gayle.bowers60@outlook.com"
"lynwood.schaefer90","lynwood.schaefer90@hotmail.com"
"erm17","erm17@outlook.com"
"nbk1755","nbk1755@outlook.com"
"hai.ballard25","hai.ballard25@gmail.com"
"manualh5987","manualh5987@gmail.com"
"ajg8000","ajg8000@gmail.com"
"grw4937","grw4937@hotmail.com"
"cesard7447","cesard7447@mail.missouri.edu"
"lonnier4574","lonnier4574@mail.missouri.edu"
"afd4120","afd4120@mail.missouri.edu"
"orval.booker3","orval.booker3@hotmail.com"
"elmo.swanson52","elmo.swanson52@hotmail.com"
"oib6569","oib6569@outlook.com"
"coryl1438","coryl1438@gmail.com"
"jdk8249","jdk8249@gmail.com"
"jerome.villarreal47","jerome.villarreal47@outlook.com"
"coleman.wheeler42","coleman.wheeler42@outlook.com"
"gayle.bowers30","gayle.bowers30@mail.missouri.edu"
"aew7117","aew7117@gmail.com"
"jorge.hutchinson97","jorge.hutchinson97@mail.missouri.edu"
"randyr6472","randyr6472@hotmail.com"
"cmh6701","cmh6701@hotmail.com"
"eaa1197","eaa1197@gmail.com"
"esteban.francis6","esteban.francis6@gmail.com"
"leonardo.stout38","leonardo.stout38@gmail.com"
"prince.krause45","prince.krause45@mail.missouri.edu"
"jeramyg3654","jeramyg3654@mail.missouri.edu"
"pierre.spence90","pierre.spence90@outlook.com"
"mbr83","mbr83@mail.missouri.edu"
"leonel.blankenship93","leonel.blankenship93@mail.missouri.edu"
"cgb2099","cgb2099@mail.missouri.edu"
"gayleb7138","gayleb7138@mail.missouri.edu"
"jjm20","jjm20@gmail.com"
"mam6888","mam6888@outlook.com"
"ndf952","ndf952@outlook.com"
"rcd3781","rcd3781@hotmail.com"
"cecil.ryan64","cecil.ryan64@outlook.com"
"grahamr3681","grahamr3681@hotmail.com"
"kareem.ware41","kareem.ware41@outlook.com"
"bruces1434","bruces1434@hotmail.com"
"hrs4149","hrs4149@gmail.com"
"bgd8772","bgd8772@outlook.com"
"lyleb3402","lyleb3402@mail.missouri.edu"
"ejb1324","ejb1324@mail.missouri.edu"
"mickey.bautista59","mickey.bautista59@mail.missouri.edu"
"mervinh6103","mervinh6103@hotmail.com"
"cleveland.aguilar77","cleveland.aguilar77@mail.missouri.edu"
"leonardos7409","leonardos7409@mail.missouri.edu"
"elmerh9670","elmerh9670@mail.missouri.edu"
"gjp7506","gjp7506@gmail.com"
"kjd495","kjd495@outlook.com"
"lavern.barrera37","lavern.barrera37@gmail.com"
"nrw6363","nrw6363@outlook.com"
"neh732","neh732@gmail.com"
"concepcion.finley69","concepcion.finley69@outlook.com"
"keisha.nicholson67","keisha.nicholson67@hotmail.com"
"joanne.whitaker56","joanne.whitaker56@gmail.com"
"dhg1391","dhg1391@gmail.com"
"judith.chan62","judith.chan62@mail.missouri.edu"
"tlm9340","tlm9340@hotmail.com"
"joannew3094","joannew3094@mail.missouri.edu"
"alyces3433","alyces3433@gmail.com"
"sdm7273","sdm7273@gmail.com"
"taniad2342","taniad2342@outlook.com"
"violet.butler23","violet.butler23@outlook.com"
"camillef9464","camillef9464@gmail.com"
"jcc7733","jcc7733@outlook.com"
"janelle.johnson42","janelle.johnson42@mail.missouri.edu"
"velmam294","velmam294@mail.missouri.edu"
"mcm9761","mcm9761@hotmail.com"
"lmb1854","lmb1854@outlook.com"
"stella.brady41","stella.brady41@gmail.com"
"antoniap9111","antoniap9111@outlook.com"
"claudiam7408","claudiam7408@outlook.com"
"maritza.strong89","maritza.strong89@mail.missouri.edu"
"jbb9528","jbb9528@hotmail.com"
"melisa.saunders48","melisa.saunders48@hotmail.com"
"briana.ruiz64","briana.ruiz64@hotmail.com"
"concetta.gill80","concetta.gill80@hotmail.com"
"janello2667","janello2667@gmail.com"
"irisn4633","irisn4633@gmail.com"
"cbp9920","cbp9920@mail.missouri.edu"
"alma.acevedo37","alma.acevedo37@hotmail.com"
"rochelles324","rochelles324@gmail.com"
"baa3831","baa3831@outlook.com"
"rowena.charles77","rowena.charles77@hotmail.com"
"kod5656","kod5656@mail.missouri.edu"
"monica.zuniga88","monica.zuniga88@gmail.com"
"marcyh3453","marcyh3453@mail.missouri.edu"
"normag2456","normag2456@outlook.com"
"constance.dennis13","constance.dennis13@hotmail.com"
"pearlie.velazquez42","pearlie.velazquez42@hotmail.com"
"shawnap2890","shawnap2890@hotmail.com"
"bjh1298","bjh1298@outlook.com"
"bah6726","bah6726@gmail.com"
"olar7906","olar7906@mail.missouri.edu"
"rsc6342","rsc6342@mail.missouri.edu"
"lizh7798","lizh7798@mail.missouri.edu"
"geneva.scott31","geneva.scott31@gmail.com"
"tks9889","tks9889@hotmail.com"
"loiso119","loiso119@mail.missouri.edu"
"aah436","aah436@gmail.com"
"mattie.barnes86","mattie.barnes86@mail.missouri.edu"
"winifredt1076","winifredt1076@outlook.com"
"pamy2162","pamy2162@hotmail.com"
"cynthias5366","cynthias5366@outlook.com"
"annmarie.curtis66","annmarie.curtis66@mail.missouri.edu"
"brandib2655","brandib2655@gmail.com"
"leannm8500","leannm8500@gmail.com"
"franciscac308","franciscac308@hotmail.com"
"djb7853","djb7853@hotmail.com"
"lrb63","lrb63@hotmail.com"
"oliveh3106","oliveh3106@gmail.com"
"effied3696","effied3696@outlook.com"
"elb4050","elb4050@hotmail.com"
"spa7237","spa7237@gmail.com"
"penelope.montgomery78","penelope.montgomery78@gmail.com"
"alexandrial2139","alexandrial2139@mail.missouri.edu"
"vilmag3290","vilmag3290@outlook.com"
"clh9544","clh9544@hotmail.com"
"emp7112","emp7112@hotmail.com"
"claricek9037","claricek9037@outlook.com"
"tks4196","tks4196@gmail.com"
"jeanniney2855","jeanniney2855@mail.missouri.edu"
"latashan1319","latashan1319@outlook.com"
"sophia.ballard79","sophia.ballard79@hotmail.com"
"ruth.patrick69","ruth.patrick69@hotmail.com"
"vma1116","vma1116@hotmail.com"
"isabellak3800","isabellak3800@gmail.com"
"emily.blankenship55","emily.blankenship55@gmail.com"
"emb9095","emb9095@outlook.com"
"kdc5680","kdc5680@outlook.com"
"bonnie.wade60","bonnie.wade60@hotmail.com"
"malinda.fleming27","malinda.fleming27@hotmail.com"
"eve.sanchez80","eve.sanchez80@gmail.com"
"jcm6438","jcm6438@mail.missouri.edu"
"mws2808","mws2808@outlook.com"
"abb4473","abb4473@outlook.com"
"tkg1717","tkg1717@hotmail.com"
"mct7555","mct7555@gmail.com"
"lje4197","lje4197@hotmail.com"
"simone.mccann43","simone.mccann43@hotmail.com"
"pamy5830","pamy5830@gmail.com"
"juanitab9289","juanitab9289@mail.missouri.edu"
"candym5899","candym5899@hotmail.com"
"charlene.hanna45","charlene.hanna45@hotmail.com"
"stacy.hood2","stacy.hood2@outlook.com"
"kts1979","kts1979@mail.missouri.edu"
"thelmam2025","thelmam2025@outlook.com"
"camillef538","camillef538@outlook.com"
"madge.crosby79","madge.crosby79@outlook.com"
"aisham8868","aisham8868@outlook.com"
"rosemaryl6694","rosemaryl6694@gmail.com"
"fay.hendrix30","fay.hendrix30@gmail.com"
"kgc8161","kgc8161@outlook.com"
"jillianc909","jillianc909@hotmail.com"
"josefina.bruce73","josefina.bruce73@outlook.com"
"mjm628","mjm628@gmail.com"
"desirees5550","desirees5550@hotmail.com"
"janines9118","janines9118@outlook.com"
"allieg4405","allieg4405@outlook.com"
"jfh7395","jfh7395@mail.missouri.edu"
"louise.conley48","louise.conley48@outlook.com"
"hrl8444","hrl8444@gmail.com"
"jerryp5890","jerryp5890@outlook.com"
"hsh4489","hsh4489@outlook.com"
"tania.dickson11","tania.dickson11@hotmail.com"
"georgial1398","georgial1398@hotmail.com"
"darla.powell5","darla.powell5@gmail.com"
"bno1521","bno1521@outlook.com"
"mrm6155","mrm6155@gmail.com"
"anastasia.haas100","anastasia.haas100@gmail.com"
"laurap6766","laurap6766@mail.missouri.edu"
"aprilb1664","aprilb1664@hotmail.com"
"nicoleb9076","nicoleb9076@outlook.com"
"leanne.mullen4","leanne.mullen4@mail.missouri.edu"
"cll9242","cll9242@hotmail.com"
"genak9014","genak9014@mail.missouri.edu"
"michaelk7871","michaelk7871@mail.missouri.edu"
"helent7586","helent7586@mail.missouri.edu"
"maryannep7059","maryannep7059@hotmail.com"
"bvl95","bvl95@gmail.com"
"neldad4083","neldad4083@hotmail.com"
"georgette.blackwell50","georgette.blackwell50@hotmail.com"
"christinad7214","christinad7214@hotmail.com"
"kayd6257","kayd6257@gmail.com"
"emilyb6563","emilyb6563@mail.missouri.edu"
"msj6072","msj6072@mail.missouri.edu"
"mmj3747","mmj3747@gmail.com"
"daisym9416","daisym9416@gmail.com"
"careyd2020","careyd2020@gmail.com"
"nannieh348","nannieh348@gmail.com"
"shawn.eaton62","shawn.eaton62@mail.missouri.edu"
"nsd222","nsd222@hotmail.com"
"maureen.osborne30","maureen.osborne30@outlook.com"
"mcz4292","mcz4292@gmail.com"
"odessa.mueller87","odessa.mueller87@hotmail.com"
"irisn5367","irisn5367@hotmail.com"
"lilah730","lilah730@outlook.com"
"staceym6798","staceym6798@mail.missouri.edu"
"concepcionf9910","concepcionf9910@outlook.com"
"rlm9226","rlm9226@outlook.com"
"tracyb1026","tracyb1026@hotmail.com"
"mari.ali18","mari.ali18@hotmail.com"
"vanessar7296","vanessar7296@mail.missouri.edu"
"esmeraldam4513","esmeraldam4513@hotmail.com"
"clarice.klein44","clarice.klein44@hotmail.com"
"monique.mckenzie61","monique.mckenzie61@mail.missouri.edu"
"brianna.hensley60","brianna.hensley60@outlook.com"
"rhonda.thornton71","rhonda.thornton71@gmail.com"
"lillyc9666","lillyc9666@mail.missouri.edu"
"effie.davila6","effie.davila6@outlook.com"
"jeannine.york39","jeannine.york39@gmail.com"
"allison.prince10","allison.prince10@mail.missouri.edu"
"sac355","sac355@hotmail.com"
"marianc7356","marianc7356@gmail.com"
"kellyw5375","kellyw5375@mail.missouri.edu"
"johnniep3199","johnniep3199@mail.missouri.edu"
"juanitab7357","juanitab7357@hotmail.com"
"cas6940","cas6940@gmail.com"
"barbarac7644","barbarac7644@outlook.com"
"som9129","som9129@mail.missouri.edu"
"tonya.jarvis91","tonya.jarvis91@gmail.com"
"lpc8476","lpc8476@mail.missouri.edu"
"klp7640","klp7640@outlook.com"
"kelly.wright52","kelly.wright52@mail.missouri.edu"
"emb825","emb825@gmail.com"
"ashleef7733","ashleef7733@outlook.com"
"lucy.santiago91","lucy.santiago91@mail.missouri.edu"
"tabitha.mcguire97","tabitha.mcguire97@mail.missouri.edu"
"sherrie.knight4","sherrie.knight4@gmail.com"
"doreenp7584","doreenp7584@gmail.com"
"deana.hawkins96","deana.hawkins96@outlook.com"
"milagross9702","milagross9702@mail.missouri.edu"
"ijh4572","ijh4572@hotmail.com"
"kip.barry67","kip.barry67@gmail.com"
"ehc828","ehc828@outlook.com"
"eliseol7105","eliseol7105@gmail.com"
"hac3195","hac3195@outlook.com"
"darnell.fowler73","darnell.fowler73@outlook.com"
"antonio.rogers3","antonio.rogers3@hotmail.com"
"denny.bates89","denny.bates89@mail.missouri.edu"
"foster.hubbard66","foster.hubbard66@gmail.com"
"jacob.franco8","jacob.franco8@mail.missouri.edu"
"imd2054","imd2054@mail.missouri.edu"
"miltonr9528","miltonr9528@outlook.com"
"dab1486","dab1486@outlook.com"
"ajy4771","ajy4771@mail.missouri.edu"
"jamisons4958","jamisons4958@outlook.com"
"rmz1097","rmz1097@mail.missouri.edu"
"eok5253","eok5253@hotmail.com"
"alphonsog9133","alphonsog9133@outlook.com"
"jdr4201","jdr4201@outlook.com"
"nmn8714","nmn8714@gmail.com"
"alphonso.green90","alphonso.green90@outlook.com"
"douglass.steele58","douglass.steele58@gmail.com"
"pablok415","pablok415@gmail.com"
"dhd6851","dhd6851@hotmail.com"
"horace.underwood35","horace.underwood35@outlook.com"
"cleoc447","cleoc447@hotmail.com"
"dlh7174","dlh7174@mail.missouri.edu"
"deep4777","deep4777@mail.missouri.edu"
"modestot8034","modestot8034@mail.missouri.edu"
"forest.gallagher58","forest.gallagher58@gmail.com"
"dickc8674","dickc8674@outlook.com"
"arden.reed93","arden.reed93@gmail.com"
"mckinley.pugh4","mckinley.pugh4@outlook.com"
"louise9472","louise9472@gmail.com"
"greg.lloyd79","greg.lloyd79@outlook.com"
"harris.lamb22","harris.lamb22@gmail.com"
"pam5922","pam5922@hotmail.com"
"mohammed.crane2","mohammed.crane2@gmail.com"
"omars1910","omars1910@gmail.com"
"ahmedh2084","ahmedh2084@outlook.com"
"daveb3484","daveb3484@mail.missouri.edu"
"osvaldoa8072","osvaldoa8072@gmail.com"
"oliver.faulkner89","oliver.faulkner89@outlook.com"
"elvinc9079","elvinc9079@gmail.com"
"hansd7390","hansd7390@gmail.com"
"kge8684","kge8684@outlook.com"
"rogerk32","rogerk32@gmail.com"
"gino.sparks67","gino.sparks67@gmail.com"
"basil.russell35","basil.russell35@hotmail.com"
"man5008","man5008@outlook.com"
"caseym9993","caseym9993@gmail.com"
"calebr6127","calebr6127@gmail.com"
"burt.hicks75","burt.hicks75@mail.missouri.edu"
"brain.harrison56","brain.harrison56@hotmail.com"
"harry.patrick11","harry.patrick11@gmail.com"
"gpb5077","gpb5077@gmail.com"
"kam6206","kam6206@outlook.com"
"olin.ponce48","olin.ponce48@mail.missouri.edu"
"calvinb3430","calvinb3430@hotmail.com"
"felton.todd52","felton.todd52@mail.missouri.edu"
"herman.cabrera12","herman.cabrera12@gmail.com"
"conradb7272","conradb7272@gmail.com"
"heath.hess68","heath.hess68@mail.missouri.edu"
"icb2649","icb2649@outlook.com"
"erics2611","erics2611@outlook.com"
"mikela7345","mikela7345@hotmail.com"
"michael.raymond62","michael.raymond62@hotmail.com"
"earlp774","earlp774@outlook.com"
"breto9662","breto9662@mail.missouri.edu"
"otham1371","otham1371@hotmail.com"
"freddy.ingram93","freddy.ingram93@mail.missouri.edu"
"bar2433","bar2433@gmail.com"
"moises.farley45","moises.farley45@mail.missouri.edu"
"jdd4754","jdd4754@mail.missouri.edu"
"dylan.miles67","dylan.miles67@mail.missouri.edu"
"donovanb9982","donovanb9982@gmail.com"
"isreal.houston51","isreal.houston51@mail.missouri.edu"
"ramon.haas15","ramon.haas15@hotmail.com"
"galens4769","galens4769@outlook.com"
"marlin.michael96","marlin.michael96@gmail.com"
"chetg1208","chetg1208@gmail.com"
"cbk9953","cbk9953@mail.missouri.edu"
"rcl4849","rcl4849@hotmail.com"
"buddyw8288","buddyw8288@outlook.com"
"oeb8113","oeb8113@mail.missouri.edu"
"gustavol8369","gustavol8369@outlook.com"
"njo6892","njo6892@outlook.com"
"arlieg4115","arlieg4115@gmail.com"
"jjm3047","jjm3047@hotmail.com"
"renaldoh9610","renaldoh9610@outlook.com"
"rhett.ritter56","rhett.ritter56@mail.missouri.edu"
"andersonr2193","andersonr2193@gmail.com"
"jessie.roy56","jessie.roy56@outlook.com"
"columbusg7152","columbusg7152@gmail.com"
"princek9641","princek9641@mail.missouri.edu"
"gcf3989","gcf3989@gmail.com"
"maynarde7945","maynarde7945@hotmail.com"
"hung.wilcox21","hung.wilcox21@outlook.com"
"dale.montgomery6","dale.montgomery6@outlook.com"
"deon.beck14","deon.beck14@hotmail.com"
"rdr7624","rdr7624@hotmail.com"
"borisb4714","borisb4714@gmail.com"
"oscarw7034","oscarw7034@mail.missouri.edu"
"caseym2603","caseym2603@mail.missouri.edu"
"dinor4180","dinor4180@gmail.com"
"nicholasy5450","nicholasy5450@outlook.com"
"baw4727","baw4727@outlook.com"
"eric.stevenson55","eric.stevenson55@gmail.com"
"major.house63","major.house63@hotmail.com"
"juan.suarez32","juan.suarez32@gmail.com"
"laurence.winters61","laurence.winters61@mail.missouri.edu"
"joh7433","joh7433@hotmail.com"
"rdv1110","rdv1110@mail.missouri.edu"
"graham.robles38","graham.robles38@hotmail.com"
"carminer6223","carminer6223@hotmail.com"
"markusv4679","markusv4679@outlook.com"
"bnr9755","bnr9755@gmail.com"
"orvalb7755","orvalb7755@gmail.com"
"fred.townsend37","fred.townsend37@outlook.com"
"drm8971","drm8971@gmail.com"
"bryon.mason42","bryon.mason42@gmail.com"
"les9589","les9589@outlook.com"
"fernando.malone5","fernando.malone5@outlook.com"
"linwood.rocha25","linwood.rocha25@gmail.com"
"clementer195","clementer195@mail.missouri.edu"
"hmb1049","hmb1049@outlook.com"
"cesard9123","cesard9123@outlook.com"
"gordonf1639","gordonf1639@hotmail.com"
"lazaro.mckee19","lazaro.mckee19@mail.missouri.edu"
"porteri7457","porteri7457@hotmail.com"
"faw3155","faw3155@mail.missouri.edu"
"mauro.ayers53","mauro.ayers53@gmail.com"
"leo.velez33","leo.velez33@mail.missouri.edu"
"boyds5612","boyds5612@mail.missouri.edu"
"emf9530","emf9530@hotmail.com"
"forest.gallagher9","forest.gallagher9@gmail.com"
"lbe6664","lbe6664@hotmail.com"
"andrewt713","andrewt713@mail.missouri.edu"
"carsonf8536","carsonf8536@outlook.com"
"asa.gray40","asa.gray40@mail.missouri.edu"
"all2336","all2336@outlook.com"
"orval.booker26","orval.booker26@gmail.com"
"justin.andrade26","justin.andrade26@gmail.com"
"keith.dyer31","keith.dyer31@gmail.com"
"chih1446","chih1446@outlook.com"
"clair.carroll9","clair.carroll9@mail.missouri.edu"
"chet.grant8","chet.grant8@hotmail.com"
"art.watson49","art.watson49@gmail.com"
"dantes2113","dantes2113@mail.missouri.edu"
"beo3827","beo3827@mail.missouri.edu"
"dlb9512","dlb9512@gmail.com"
"mbh7467","mbh7467@gmail.com"
"irving.guerra84","irving.guerra84@hotmail.com"
"acr7893","acr7893@mail.missouri.edu"
"djn829","djn829@hotmail.com"
"rcg9900","rcg9900@mail.missouri.edu"
"edp7243","edp7243@outlook.com"
"ferdinand.chang92","ferdinand.chang92@outlook.com"
"jev9839","jev9839@gmail.com"
"bradleym1885","bradleym1885@mail.missouri.edu"
"ricoc7988","ricoc7988@hotmail.com"
"carltonw5432","carltonw5432@mail.missouri.edu"
"kevins2786","kevins2786@gmail.com"
"gjk1554","gjk1554@hotmail.com"
"bap7036","bap7036@hotmail.com"
"darrellm2062","darrellm2062@mail.missouri.edu"
"crt2519","crt2519@mail.missouri.edu"
"cje6187","cje6187@mail.missouri.edu"
"pat.mccann99","pat.mccann99@outlook.com"
"gus.pratt34","gus.pratt34@mail.missouri.edu"
"harrisonp4758","harrisonp4758@gmail.com"
"mgs4411","mgs4411@gmail.com"
"cah7286","cah7286@mail.missouri.edu"
"michaled9565","michaled9565@mail.missouri.edu"
"basil.russell21","basil.russell21@outlook.com"
"bab395","bab395@mail.missouri.edu"
"clarence.hudson68","clarence.hudson68@mail.missouri.edu"
"pnc7466","pnc7466@gmail.com"
"aba4721","aba4721@gmail.com"
"daf4147","daf4147@hotmail.com"
"jacob.franco41","jacob.franco41@outlook.com"
"arw5833","arw5833@hotmail.com"
"lgp9032","lgp9032@outlook.com"
"bam6520","bam6520@mail.missouri.edu"
"german.clarke96","german.clarke96@gmail.com"
"domenics4204","domenics4204@gmail.com"
"bam1718","bam1718@hotmail.com"
"connieg2888","connieg2888@outlook.com"
"josue.koch62","josue.koch62@outlook.com"
"cah9397","cah9397@mail.missouri.edu"
"carson.ferguson81","carson.ferguson81@hotmail.com"
"ecm5817","ecm5817@hotmail.com"
"bertramg16","bertramg16@mail.missouri.edu"
"iec4066","iec4066@outlook.com"
"crc6622","crc6622@gmail.com"
"efrene4340","efrene4340@outlook.com"
"enrique.rojas64","enrique.rojas64@outlook.com"
"jordong8283","jordong8283@gmail.com"
"albertj8003","albertj8003@gmail.com"
"nathanial.rosario57","nathanial.rosario57@hotmail.com"
"augustineh3040","augustineh3040@gmail.com"
"jermaine.garrison76","jermaine.garrison76@gmail.com"
"alexh8775","alexh8775@mail.missouri.edu"
"fkh4038","fkh4038@mail.missouri.edu"
"nathanialr2585","nathanialr2585@outlook.com"
"lks8861","lks8861@gmail.com"
"jfg2117","jfg2117@outlook.com"
"mld2535","mld2535@hotmail.com"
"hugom746","hugom746@outlook.com"
"fnr1341","fnr1341@outlook.com"
"ezequielg7360","ezequielg7360@outlook.com"
"ero2652","ero2652@outlook.com"
"danial.fuller42","danial.fuller42@outlook.com"
"robertc6994","robertc6994@gmail.com"
"frt8543","frt8543@hotmail.com"
"renatoz922","renatoz922@hotmail.com"
"prb4910","prb4910@outlook.com"
"gilbert.moody49","gilbert.moody49@outlook.com"
"marceloa8890","marceloa8890@gmail.com"
"michale.duffy28","michale.duffy28@hotmail.com"
"bdg9812","bdg9812@hotmail.com"
"ajh2552","ajh2552@mail.missouri.edu"
"olliec3322","olliec3322@gmail.com"
"mariai8733","mariai8733@gmail.com"
"melvah5557","melvah5557@hotmail.com"
"ruthieb8526","ruthieb8526@hotmail.com"
"pmc4669","pmc4669@mail.missouri.edu"
"msh2195","msh2195@hotmail.com"
"frand7048","frand7048@outlook.com"
"inez.braun9","inez.braun9@outlook.com"
"claudine.weiss14","claudine.weiss14@outlook.com"
"heather.hansen46","heather.hansen46@hotmail.com"
"belindah6588","belindah6588@hotmail.com"
"jsg9875","jsg9875@outlook.com"
"wcd4600","wcd4600@mail.missouri.edu"
"carlenef8828","carlenef8828@hotmail.com"
"genevieve.cortez49","genevieve.cortez49@hotmail.com"
"pattyb6985","pattyb6985@gmail.com"
"terrag2707","terrag2707@outlook.com"
"antonia.porter25","antonia.porter25@mail.missouri.edu"
"cathleen.osborn17","cathleen.osborn17@hotmail.com"
"aliciap3462","aliciap3462@mail.missouri.edu"
"leona.sanford62","leona.sanford62@outlook.com"
"akp5680","akp5680@mail.missouri.edu"
"cheryl.parrish44","cheryl.parrish44@hotmail.com"
"maryellen.murillo19","maryellen.murillo19@outlook.com"
"fbc4779","fbc4779@mail.missouri.edu"
"jjs4618","jjs4618@mail.missouri.edu"
"carolinam6095","carolinam6095@outlook.com"
"elisec5412","elisec5412@gmail.com"
"betty.gray2","betty.gray2@gmail.com"
"myrnaj5823","myrnaj5823@hotmail.com"
"kerri.kerr37","kerri.kerr37@outlook.com"
"chris.leonard7","chris.leonard7@mail.missouri.edu"
"jmh2287","jmh2287@hotmail.com"
"rachelleb2050","rachelleb2050@gmail.com"
"wandaj2972","wandaj2972@gmail.com"
"annettew4357","annettew4357@outlook.com"
"ginger.garrison66","ginger.garrison66@hotmail.com"
"carolina.morales6","carolina.morales6@mail.missouri.edu"
"terid8193","terid8193@outlook.com"
"jba7261","jba7261@outlook.com"
"jso855","jso855@hotmail.com"
"pansyb8863","pansyb8863@mail.missouri.edu"
"rge4284","rge4284@outlook.com"
"shari.landry38","shari.landry38@mail.missouri.edu"
"jeannea7335","jeannea7335@outlook.com"
"ldr6283","ldr6283@outlook.com"
"pjv6072","pjv6072@gmail.com"
"icw1478","icw1478@outlook.com"
"cara.duarte15","cara.duarte15@outlook.com"
"smb6106","smb6106@hotmail.com"
"katelynv266","katelynv266@hotmail.com"
"lenora.ross29","lenora.ross29@mail.missouri.edu"
"paigew5256","paigew5256@outlook.com"
"miriam.barron75","miriam.barron75@hotmail.com"
"amandac5003","amandac5003@outlook.com"
"pennyj6251","pennyj6251@hotmail.com"
"dominiquec5719","dominiquec5719@outlook.com"
"patrica.mcneil45","patrica.mcneil45@mail.missouri.edu"
"gta2711","gta2711@outlook.com"
"mtl6069","mtl6069@mail.missouri.edu"
"joannaa9214","joannaa9214@mail.missouri.edu"
"eugeniam7108","eugeniam7108@hotmail.com"
"rita.mercer68","rita.mercer68@gmail.com"
"leslief7173","leslief7173@outlook.com"
"imeldap5411","imeldap5411@outlook.com"
"shari.landry77","shari.landry77@outlook.com"
"jacklyn.jones6","jacklyn.jones6@mail.missouri.edu"
"veg3295","veg3295@gmail.com"
"kristi.morton9","kristi.morton9@hotmail.com"
"antoniap6526","antoniap6526@mail.missouri.edu"
"christap8935","christap8935@outlook.com"
"grace.cain72","grace.cain72@outlook.com"
"cassandras26","cassandras26@outlook.com"
"danielle.carney5","danielle.carney5@mail.missouri.edu"
"mws8100","mws8100@hotmail.com"
"kimberly.roach56","kimberly.roach56@mail.missouri.edu"
"def8117","def8117@gmail.com"
"lornaa782","lornaa782@outlook.com"
"karina.hoover60","karina.hoover60@mail.missouri.edu"
"madeleine.davis27","madeleine.davis27@mail.missouri.edu"
"dollie.irwin13","dollie.irwin13@mail.missouri.edu"
"cjs8127","cjs8127@outlook.com"
"leann.mcmillan3","leann.mcmillan3@outlook.com"
"clm3509","clm3509@gmail.com"
"betsy.underwood56","betsy.underwood56@gmail.com"
"noelle.barton72","noelle.barton72@gmail.com"
"janines3881","janines3881@hotmail.com"
"oll9501","oll9501@hotmail.com"
"emn3975","emn3975@hotmail.com"
"louise.conley67","louise.conley67@hotmail.com"
"cheri.mclaughlin85","cheri.mclaughlin85@outlook.com"
"dixie.mccarty92","dixie.mccarty92@gmail.com"
"hrl1506","hrl1506@gmail.com"
"rlc7245","rlc7245@hotmail.com"
"tommie.valentine59","tommie.valentine59@outlook.com"
"bernadetteb306","bernadetteb306@mail.missouri.edu"
"tonya.jarvis59","tonya.jarvis59@mail.missouri.edu"
"tonib5035","tonib5035@outlook.com"
"jmw7957","jmw7957@hotmail.com"
"martap1575","martap1575@hotmail.com"
"evangelina.elliott68","evangelina.elliott68@mail.missouri.edu"
"lacyl5819","lacyl5819@gmail.com"
"ejc8029","ejc8029@gmail.com"
"eeb5918","eeb5918@outlook.com"
"idn2080","idn2080@mail.missouri.edu"
"rosemaryl4441","rosemaryl4441@mail.missouri.edu"
"jam5501","jam5501@outlook.com"
"helena.houston35","helena.houston35@outlook.com"
"dar1574","dar1574@mail.missouri.edu"
"jimmie.glass15","jimmie.glass15@gmail.com"
"brandie.nixon74","brandie.nixon74@gmail.com"
"gsf7793","gsf7793@outlook.com"
"kns1033","kns1033@hotmail.com"
"rita.mercer100","rita.mercer100@hotmail.com"
"rmd979","rmd979@mail.missouri.edu"
"mbl4107","mbl4107@hotmail.com"
"cdl8372","cdl8372@hotmail.com"
"ldv7100","ldv7100@hotmail.com"
"emiliah6327","emiliah6327@hotmail.com"
"brittneyt9459","brittneyt9459@hotmail.com"
"tge2678","tge2678@hotmail.com"
"idn5098","idn5098@mail.missouri.edu"
"helgap9413","helgap9413@mail.missouri.edu"
"linar9272","linar9272@gmail.com"
"maricelab3264","maricelab3264@gmail.com"
"juliette.payne15","juliette.payne15@gmail.com"
"alexandria.lucas18","alexandria.lucas18@hotmail.com"
"lvg8221","lvg8221@mail.missouri.edu"
"mws1138","mws1138@outlook.com"
"ecc241","ecc241@hotmail.com"
"rhoda.black9","rhoda.black9@gmail.com"
"lucy.santiago8","lucy.santiago8@outlook.com"
"adrienne.vasquez90","adrienne.vasquez90@mail.missouri.edu"
"ttv2749","ttv2749@hotmail.com"
"carole.ryan59","carole.ryan59@mail.missouri.edu"
"cheri.mclaughlin7","cheri.mclaughlin7@mail.missouri.edu"
"camille.fuller72","camille.fuller72@mail.missouri.edu"
"carmen.moody92","carmen.moody92@outlook.com"
"tbb9232","tbb9232@gmail.com"
"ijr9417","ijr9417@mail.missouri.edu"
"imb5774","imb5774@mail.missouri.edu"
"beverly.doyle24","beverly.doyle24@gmail.com"
"amber.parsons35","amber.parsons35@mail.missouri.edu"
"arlines8000","arlines8000@gmail.com"
"cjs7823","cjs7823@mail.missouri.edu"
"hilary.good5","hilary.good5@mail.missouri.edu"
"myrtlet3312","myrtlet3312@gmail.com"
"carissa.howe100","carissa.howe100@gmail.com"
"jac476","jac476@gmail.com"
"edith.newton41","edith.newton41@outlook.com"
"raef8735","raef8735@outlook.com"
"robin.kent98","robin.kent98@outlook.com"
"alisonh3872","alisonh3872@outlook.com"
"dmc3276","dmc3276@outlook.com"
"marianneb5565","marianneb5565@gmail.com"
"pansyb6261","pansyb6261@outlook.com"
"jenniep2537","jenniep2537@mail.missouri.edu"
"janelle.johnson10","janelle.johnson10@gmail.com"
"trudyh7799","trudyh7799@mail.missouri.edu"
"mom7182","mom7182@mail.missouri.edu"
"florence.ray70","florence.ray70@mail.missouri.edu"
"willie.lam83","willie.lam83@hotmail.com"
"saundra.becker72","saundra.becker72@gmail.com"
"krc961","krc961@gmail.com"
"hillary.lee35","hillary.lee35@hotmail.com"
"latoya.gallagher24","latoya.gallagher24@outlook.com"
"brittany.larsen87","brittany.larsen87@mail.missouri.edu"
"enidc9056","enidc9056@outlook.com"
"latonya.malone20","latonya.malone20@gmail.com"
"brittneyt8862","brittneyt8862@hotmail.com"
"tracy.bartlett97","tracy.bartlett97@outlook.com"
"georgette.blackwell24","georgette.blackwell24@hotmail.com"
"janines4675","janines4675@gmail.com"
"diannc5658","diannc5658@gmail.com"
"lsb8553","lsb8553@gmail.com"
"francescah7345","francescah7345@mail.missouri.edu"
"marvaj2549","marvaj2549@mail.missouri.edu"
"cdd9244","cdd9244@gmail.com"
